system,romname,image,video,description,lcd_description,manufacturer,year,genre,rating,orientation,controls,enabled,favourite,openjvs,openffb,game_id,audit_name
"Sega Naomi",n1-18_wheeler_dx-[840-0023].bin.gz,18wheelr.png,18wheelr.mp4,"18 Wheeler Deluxe","18 Wheeler (DLX)",Sega,2000,Driving,"AAMA - Green (Suitable For All Ages)",Horizontal,"Analog (Driving)",Yes,No,18-wheeler,generic-driving,BBK0,n1-18wheeler_BBK0.bin.gz
"Sega Naomi",n1-18_wheeler_std-[840-0036].bin.gz,18wheelr.png,18wheelr.mp4,"18 Wheeler Standard","18 Wheeler (STD)",Sega,2000,Driving,"AAMA - Green (Suitable For All Ages)",Horizontal,"Analog (Driving)",Yes,No,18-wheeler,generic-driving,BBK0,n1-18wheeler_BBK0.bin.gz
"Sega Naomi",n1-airline_pilots-[840-0005].bin.gz,alpilota.png,alpilota.mp4,"Airline Pilots","Airline Pilot",Sega,1999,Flying,"AAMA - Green (Suitable For All Ages)",Horizontal,"Analog (Stick)",Yes,No,generic-analogue,none,BAE0,n1-airline_pilots_BAE0.bin.gz
"Sega Naomi",n1-akatsuki_bk_ausf_achse-[841-0058].bin.gz,ausfache.png,ausfache.mp4,"Akatsuki Bk Ausf Achse","Akatsuki Blitz\nkampf Auf Asche","Subtle Style",2008,Fighter,"AAMA - Yellow (Animated Violence Mild)",Horizontal,"Digital (Stick)",Yes,No,generic,none,BQF0,n1-akatsuki_bk_ausf_achse_BQF0.bin.gz
"Sega Naomi",n1-alien_front-[840-0048].bin.gz,alienfnt.png,alienfnt.mp4,"Alien Front","Alien Front",Sega,2001,Shooter,"AAMA - Yellow (Animated Violence Mild)",Horizontal,"Digital (Stick)",Yes,No,generic,none,BCQ0,n1-alien_front_BCQ0.bin.gz
"Sammy Atomiswave",aw-baskets_AW16.bin.gz,anmlbskt.png,anmlbskt.mp4,"Animal Basket","Animal Basket",Sammy/Moss,2005,Sports,"AAMA - Green (Suitable For All Ages)",Horizontal,"Digital (Stick)",Yes,No,generic,none,AW16,aw-baskets_AW16.bin.gz
"Sega Naomi",n1-azumanga_daioh_puzzle_bobble-[GDL-0018].bin.gz,azumanga.png,azumanga.mp4,"Azumanga Daioh Puzzle Bobble","Azumanga Daioh\nPuzzle Bobble","Moss (Taito license)",2002,Puzzle,"AAMA - Green (Suitable For All Ages)",Horizontal,"Digital (Stick)",Yes,No,generic,none,BFR0,n1-azumanga_pb_ver1000_BFR0.bin.gz
"Sega Naomi2",n2-beach_spikers-[GDS-0014].bin.gz,beachspi.png,beachspi.mp4,"Beach Spikers","Beach Spikers",Sega,2002,Sports,"AAMA - Green (Suitable For All Ages)",Horizontal,"Digital (Stick)",Yes,No,generic,none,BDR,n2-beach_spikers_BDR_.bin.gz
"Sega Naomi",n1-border_down-[GDL-0023].bin.gz,bdrdown.png,bdrdown.mp4,"Border Down","Border Down",G-Rev,2004,Shooter,"AAMA - Green (Suitable For All Ages)",Horizontal,"Digital (Stick)",Yes,No,generic,none,BGH0,n1-border_down_BGH0.bin.gz
"Sega Naomi",n1-burning_casino_{moeru_casino}-[GDL-0013].bin.gz,moeru.png,moeru.mp4,"Burning Casino","Burning Casino",Altron,2002,Casino,"AAMA - Green (Suitable For All Ages)",Horizontal,Other,Yes,No,generic,none,BEU,n1-the_moeru_casinyo_BEU_.bin.gz
"Sega Naomi",n1-cannon_spike-[841-0012].bin.gz,cspike.png,cspike.mp4,"Cannon Spike / Gun Spike",Gunspike,"Psikyo / Capcom",2000,Beat-'Em-Up,"AAMA - Yellow (Animated Violence Mild)",Horizontal,"Digital (Stick)",Yes,No,generic,none,BBU0,n1-gun_spike_BBU0.bin.gz
"Sega Naomi",n1-capcom_vs_snk_2_mark_of_the_millenium-[GDL-0008].bin.gz,cvs2gd.png,cvs2gd.mp4,"Capcom Vs. SNK 2 Mark of the Millenium 2001","Capcom vs. SNK 2\nM. Fighting 2001","Capcom / SNK",2001,Fighter,"AAMA - Yellow (Animated Violence Mild)",Horizontal,"Digital (Stick)",Yes,No,generic,none,BDV0,n1-capcom_vs_snk_2_BDV0.bin.gz
"Sega Naomi",n1-capcom_vs_snk_2_mark_of_the_millenium-unlocked-[GDL-0008].bin.gz,cvs2gd.png,cvs2gd.mp4,"Capcom Vs. SNK 2 Mark of the Millenium 2001 UNLOCKED","Capcom vs. SNK 2\nM. Fighting 2001","Capcom / SNK",2001,Fighter,"AAMA - Yellow (Animated Violence Mild)",Horizontal,"Digital (Stick)",Yes,No,generic,none,BDV0,n1-capcom_vs_snk_2_BDV0.bin.gz
"Sega Naomi",n1-capcom_vs_snk_2_millionaire_fighting_2001-[GDL-0007].bin.gz,cvs2gd.png,cvs2gd.mp4,"Capcom Vs. SNK 2 Millionaire Fighting 2001","Capcom vs. SNK 2\nM. Fighting 2001","Capcom / SNK",2001,Fighter,"AAMA - Yellow (Animated Violence Mild)",Horizontal,"Digital (Stick)",Yes,No,generic,none,BDV0,n1-capcom_vs_snk_2_BDV0.bin.gz
"Sega Naomi",n1-capcom_vs_snk_2_millionaire_fighting_2001-unlocked-[GDL-0007].bin.gz,cvs2gd.png,cvs2gd.mp4,"Capcom Vs. SNK 2 Millionaire Fighting 2001 UNLOCKED","Capcom vs. SNK 2\nM. Fighting 2001","Capcom / SNK",2001,Fighter,"AAMA - Yellow (Animated Violence Mild)",Horizontal,"Digital (Stick)",Yes,No,generic,none,BDV0,n1-capcom_vs_snk_2_BDV0.bin.gz
"Sega Naomi",n1-capcom_vs_snk_millenium_fight_2000_pro-[GDL-0004].bin.gz,cvsgd.png,cvsgd.mp4,"Capcom Vs. SNK Millenium Fight 2000 Pro","Capcom vs. SNK\nM. Fight 2K Pro","Capcom / SNK",2001,Fighter,"AAMA - Yellow (Animated Violence Mild)",Horizontal,"Digital (Stick)",Yes,No,generic,none,BDQ0,n1-capcom_vs_snk_pro_BDQ0.bin.gz
"Sega Naomi",n1-capcom_vs_snk_millenium_fight_2000_pro-unlocked-[GDL-0004].bin.gz,cvsgd.png,cvsgd.mp4,"Capcom Vs. SNK Millenium Fight 2000 Pro UNLOCKED","Capcom vs. SNK\nM. Fight 2K Pro","Capcom / SNK",2001,Fighter,"AAMA - Yellow (Animated Violence Mild)",Horizontal,"Digital (Stick)",Yes,No,generic,none,BDQ0,n1-capcom_vs_snk_pro_BDQ0.bin.gz
"Sega Naomi",n1-capcom_vs_snk_millenium_fight_2000-[841-0011].bin.gz,cvsgd.png,capsnk.mp4,"Capcom Vs. SNK Millennium Fight 2000","Capcom vs. SNK\nM. Fight 2K","Capcom / SNK",2000,Fighter,"AAMA - Yellow (Animated Violence Mild)",Horizontal,"Digital (Stick)",Yes,No,generic,none,ABC0,n1-capcom_vs_snk_ABC0.bin.gz
"Sega Naomi",n1-capcom_vs_snk_millenium_fight_2000-unlocked-[841-0011].bin.gz,cvsgd.png,capsnk.mp4,"Capcom Vs. SNK Millennium Fight 2000 UNLOCKED","Capcom vs. SNK\nM. Fight 2K","Capcom / SNK",2000,Fighter,"AAMA - Yellow (Animated Violence Mild)",Horizontal,"Digital (Stick)",Yes,No,generic,none,ABC0,n1-capcom_vs_snk_ABC0.bin.gz
"Sega Naomi",n1-chaos_field-[GDL-0025].bin.gz,cfield.png,cfield.mp4,"Chaos Field","Chaos Field",Able,2004,Shooter,"AAMA - Green (Suitable For All Ages)",Horizontal,"Digital (Stick)",Yes,No,generic,none,BJB,n1-chaos_field_BJB.bin.gz
"Sega Naomi",n1-cleopatra_fortune_plus-[GDL-0012].bin.gz,cleoftp.png,cleoftp.mp4,"Cleopatra Fortune Plus","Cleopatra\nFortune Plus",Altron,2002,Puzzle,"AAMA - Green (Suitable For All Ages)",Horizontal,"Digital (Stick)",Yes,No,generic,none,BES,n1-cleopatra_fortune_plus_BES_.bin.gz
"Sega Naomi2",n2-club_kart_european_session-[840-0062].bin.gz,clubkrte.png,clubk2kp.mp4,"Club Kart European Session 2002","Club Kart\nEuropean Session",Sega,2002,Driving,"AAMA - Green (Suitable For All Ages)",Horizontal,"Analog (Driving)",Yes,No,generic-driving,generic-driving-no-ffb-support,BGD1,n2-club_kart_BGD1.bin.gz
"Sega Naomi",n1-confidential_mission-[GDS-0001].bin.gz,confmiss.png,confmiss.mp4,"Confidential Mission","Confidential\nMission",Sega,2001,Gun,"AAMA - Yellow (Animated Violence Mild)",Horizontal,Lightgun,Yes,No,generic-shooting,none,BCR0,n1-confidential_mission_BCR0.bin.gz
"Sega Naomi",n1-cosmic_smash-[840-0044].bin.gz,csmash.png,csmash.mp4,"Cosmic Smash","Cosmic Smash",Sega,2001,Sports,"AAMA - Green (Suitable For All Ages)",Horizontal,"Digital (Stick)",Yes,No,generic,none,BCHB,n1-cosmic_smash_BCHB.bin.gz
"Sega Naomi",n1-crackin_dj-[840-0043].bin.gz,crackndj.png,crackndj.mp4,"Crackin' DJ","Crackin' DJ",Sega,2000,Rhythm,"AAMA - Green (Suitable For All Ages)",Horizontal,Other,Yes,No,generic,none,BCG0,n1-crackindj_BCG0.bin.gz
"Sega Naomi",n1-crackin_dj_part_2-[840-0068].bin.gz,crackndj2.png,crackndj2.mp4,"Crackin' DJ Part 2","Crackin' DJ Part 2",Sega,2001,Rhythm,"AAMA - Green (Suitable For All Ages)",Horizontal,Other,Yes,No,generic,none,BDK0,n1-crackin_dj_part_2_BKD0.bin.gz
"Sega Naomi",n1-crazy_taxi-[840-0002].bin.gz,crzytaxi.png,crzytaxi.mp4,"Crazy Taxi","Crazy Taxi",Sega,1999,Driving,"AAMA - Yellow (Animated Violence Mild)",Horizontal,"Analog (Driving)",Yes,No,crazy-taxi,generic-driving-no-ffb-support,BAC0,n1-crazy_taxi_BAC0.bin.gz
"Sega Chihiro",ch-crazytaxihighroller_512_SBFY.bin.gz,crazy3.png,crazy3.mp4,"Crazy Taxi High Roller 512MB","Crazy Taxi\nHigh Roller 512M",Sega,2003,Driving,"AAMA - Yellow (Animated Violence Mild)",Horizontal,"Analog (Driving)",Yes,No,crazy-taxi-high-roller,generic-driving-no-ffb-support,SBFY,ch-crazytaxihighroller_SBFY.bin.gz
"Sega Naomi",n1-dead_or_alive_2-[841-0003].bin.gz,doa2.png,doa2.mp4,"Dead or Alive 2","Dead or Alive 2",Tecmo,1999,Fighter,"AAMA - Yellow (Animated Violence Mild)",Horizontal,"Digital (Stick)",Yes,No,generic,none,BAL1,n1-dead_or_alive_2_BAL1.bin.gz
"Sega Naomi",n1-dead_or_alive_2_millenium-[841-0003].bin.gz,doa2m.png,doa2m.mp4,"Dead or Alive 2 Millennium","Dead or Alive 2\nMillenium",Tecmo,2000,Fighter,"AAMA - Yellow (Animated Violence Mild)",Horizontal,"Digital (Stick)",Yes,No,generic,none,BAL1,n1-dead_or_alive_2_BAL1.bin.gz
"Sega Naomi",n1-death_crimson_ox-[841-0016].bin.gz,deathcox.png,deathcox.mp4,"Death Crimson OX","Death Crimson OX",Ecole,2000,Gun,"AAMA - Yellow (Animated Violence Mild)",Horizontal,"Digital (Stick)",Yes,No,generic,none,BCM0,n1-death_crimson_ox_BCM0.bin.gz
"Sammy Atomiswave",aw-demolish_fist_AW14.bin.gz,demofist.png,demofist.mp4,"Demolish Fist","Demolish Fist",Sammy/Dimps,2003,Beat-'Em-Up,"AAMA - Yellow (Animated Violence Mild)",Horizontal,"Digital (Stick)",Yes,No,generic,none,AW14,aw-demolish_fist_AW14.bin.gz
"Sega Naomi",n1-derby_owners_club-[840-0016].bin.gz,derbyoc.png,derbyoc.mp4,"Derby Owners Club","Derby Owners\nClub",Sega,1999,Sports,"AAMA - Green (Suitable For All Ages)",Horizontal,Other,Yes,No,generic,none,BAX0,n1-derby_owners_club_BAX0.bin.gz
"Sega Naomi",n1-derby_owners_club_2-[840-0083].bin.gz,derbyoc2.png,derbyo2k.mp4,"Derby Owners Club II","Derby Owners\nClub II",Sega,2001,Sports,"AAMA - Green (Suitable For All Ages)",Horizontal,Other,Yes,No,generic,none,BDY0,n1-derby_owners_club_ii_BDY0.bin.gz
"Sega Naomi",n1-derby_owners_club_world_rev.d-[840-0088].bin.gz,derbyocw.png,derbyocw.mp4,"Derby Owners Club World Edition","Derby Owners\nClub World Edition",Sega,2001,Sports,"AAMA - Green (Suitable For All Ages)",Horizontal,Other,Yes,No,generic,none,BEF0,n1-derby_owners_club_we_BEF0.bin.gz
"Sammy Atomiswave",aw-dirty_pigskin_football_AW13.bin.gz,dirtypig.png,dirtypig.mp4,"Dirty Pigskin Football","Dirty Pigskin\nFootball",Sammy,2004,Sports,"AAMA - Green (Suitable For All Ages)",Horizontal,"Digital (Stick)",Yes,No,generic,none,AW13,aw-dirty_pigskin_football_AW13.bin.gz
"Sega Naomi",n1-doki_doki_idol_star_seeker-[GDL-0005].bin.gz,starseek.png,starseek.mp4,"Doki Doki Idol Star Seeker","Doki Doki Idol\nStar Seeker",G-Rev,2001,Puzzle,"AAMA - Green (Suitable For All Ages)",Horizontal,"Digital (Stick)",Yes,No,generic,none,BDT0,n1-star_seeker_BDT0.bin.gz
"Sammy Atomiswave",aw-dolphin_blue_AW00.bin.gz,dolphin.png,dolphin.mp4,"Dolphin Blue","Dolphin Blue",Sammy,2003,Shooter,"AAMA - Yellow (Animated Violence Mild)",Horizontal,"Digital (Stick)",Yes,No,generic,none,AW00,aw-dolphin_blue_AW00.bin.gz
"Sega Naomi",n1-virtua_golf_{dynamic_golf}-[GDS-0009].bin.gz,dygolf.png,dygolf.mp4,"Dynamic Golf / Virtua Golf","Dynamic Golf",Sega,2001,Sports,"AAMA - Green (Suitable For All Ages)",Horizontal,"Analog (Trackball)",Yes,No,generic-analogue,none,BDJ0,n1-dynamic_golf_BDJ0.bin.gz
"Sega Naomi",n1-dynamite_baseball-[840-0001].bin.gz,dybbnao.png,dybbnao.mp4,"Dynamite Baseball NAOMI","Dynamite Baseball\nNAOMI",Sega,1998,Sports,"AAMA - Green (Suitable For All Ages)",Horizontal,"Digital (Stick)",Yes,,generic-analogue,none,BAA0,n1-dynamite_baseball_naomi_BAA0.bin.gz
"Sega Naomi",n1-dynamite_deka_ex-[840-0175].bin.gz,asndynmt.png,asndynmt.mp4,"Dynamite Deka Ex - Asian Dynamite","Dynamite Deka Ex",Sega,2007,Beat-'Em-Up,"AAMA - Yellow (Animated Violence Mild)",Horizontal,"Digital (Stick)",Yes,No,generic,none,SBNY,n1-dynamite_deka_ex_SBNY.bin.gz
"Sammy Atomiswave",aw-faster_than_speed_AW10.bin.gz,ftspeed.png,ftspeed.mp4,"Faster Than Speed","Faster Than\nSpeed",Sammy,2004,Driving,"AAMA - Green (Suitable For All Ages)",Horizontal,"Analog (Driving)",Yes,No,generic-driving,generic-driving-no-ffb-support,AW10,aw-faster_than_speed_AW10.bin.gz
"Sammy Atomiswave",aw-hokuto_no_ken_AW15.bin.gz,fotns.png,fotns.mp4,"Fist of the North Star (Hokuto No Ken)","Fist of the\nNorth Star","Sega/ARC System Works",2005,Fighter,"AAMA - Yellow (Animated Violence Mild)",Horizontal,"Digital (Stick)",Yes,No,generic,none,AW15,aw-hokuto_no_ken_AW15.bin.gz
"Sammy Atomiswave",aw-force_five_AW18.bin.gz,forfiv.png,forfiv.mp4,"Force Five","Force Five","Sammy/SNK Playmore",2005,Fighter,"AAMA - Yellow (Animated Violence Mild)",Horizontal,"Digital (Stick)",Yes,No,generic,none,DDA2,aw-force_five_proto-AW00.bin.gz
"Sega Triforce",tf-fzeroax_SBGG.bin.gz,fz.png,fzero.mp4,"F-Zero AX","F-Zero AX","Amusement Vision",2003,Driving,"Other - NR (Not Rated)",Horizontal,"Analog (Driving)",Yes,No,generic-driving,generic-driving-no-ffb-support,SBGG,tf-fzeroax_SBGG.bin.gz
"Sega Chihiro",ch-ghostsquad_512_SBHU.bin.gz,gsquad.png,gsquad.mp4,"Ghost Squad 512MB","Ghost Squad\n512M",Sega,2005,Gun,"AAMA - Red (Animated Violence Strong)",Horizontal,Lightgun,Yes,No,generic-shooting,none,SBHU,ch-ghostsquad_SBHU.bin.gz
"Sega Naomi",n1-giant_gram_2_all_japan_pro_wrestling-[840-0007].bin.gz,ggram2.png,ggram2.mp4,"Giant Gram","Giant Gram 2K Zn\nPro Wrestle 2",Sega,1999,Sports,"AAMA - Yellow (Animated Violence Mild)",Horizontal,"Digital (Stick)",Yes,No,generic,none,BAJ,n1-giant_gram_BAJ_.bin.gz
"Sega Naomi",n1-giant_gram_3_giant_gram_2000-[840-0039].bin.gz,gram2000.png,gram2000.mp4,"Giant Gram 2000","Giant Gram Zen.\nPro Wrestle 3",Sega,2000,Sports,"AAMA - Yellow (Animated Violence Mild)",Horizontal,"Digital (Stick)",Yes,No,generic,none,ABC0,n1-giant_gram_2000_ABC0.bin.gz
"Sega Naomi",n1-giant_gram_4_{shin_nihon_pro_wrestling_toukon_retsuden_4_arcade_edition}-[25349801_TRF1_Ver.A].bin.gz,toukon4.png,toukon4.mp4,"Giant Gram Toukon 4","Giant Gram\nToukon 4",Sega,2001,Sports,"AAMA - Yellow (Animated Violence Mild)",Horizontal,"Digital (Stick)",Yes,No,generic,none,BBQ1,n1-toukonretsuden4_arcade_edition_BBQ1.bin.gz
"Sega Naomi",n1-gigawing_2-[841-0014].bin.gz,gwing2.png,gwing2.mp4,"Giga Wing 2","Gigawing 2","Takumi / Capcom",2000,Shooter,"AAMA - Green (Suitable For All Ages)",Horizontal,"Digital (Stick)",Yes,No,generic,none,BCK2,n1-gigawing2_BCK2.bin.gz
"Sammy Atomiswave",aw-guilty_gear_isuka_AW01.bin.gz,ggisuka.png,ggisuka.mp4,"Guilty Gear Isuka","Guilty Gear\nIsuka","Sammy/ARC System Works",2004,Fighter,"AAMA - Yellow (Animated Violence Mild)",Horizontal,"Digital (Stick)",Yes,No,generic,none,AW01,aw-guilty_gear_isuka_AW01.bin.gz
"Sega Naomi",n1-guilty_gear_x-[841-0013].bin.gz,ggx.png,ggx.mp4,"Guilty Gear X","Guilty Gear X","Arc System Works",2000,Fighter,"AAMA - Yellow (Animated Violence Mild)",Horizontal,"Digital (Stick)",Yes,No,generic,none,BCA0,n1-guilty_gear_x_v100_BCA0.bin.gz
"Sammy Atomiswave",aw-guilty_gear_x_ver15_AW20.bin.gz,ggx15.png,ggx15.mp4,"Guilty Gear X Ver. 1.5","Guilty Gear X\nVer. 1.5","Sammy/Arc System Works",2003,Fighter,"AAMA - Yellow (Animated Violence Mild)",Horizontal,"Digital (Stick)",Yes,No,generic,none,AW20,aw-guilty_gear_x_ver15_AW20.bin.gz
"Sega Naomi",n1-guilty_gear_xx_midnight_carnival-[GDL-0011].bin.gz,ggxx.png,ggxx.mp4,"Guilty Gear XX","Guilty Gear XX","Arc System Works",2002,Fighter,"AAMA - Yellow (Animated Violence Mild)",Horizontal,"Digital (Stick)",Yes,No,generic,none,BER0,n1-guilty_gear_xx_10_BER0.bin.gz
"Sega Naomi",n1-guilty_gear_xx_accent_core-[GDL-0041].bin.gz,ggxxac.png,ggxxac.mp4,"Guilty Gear XX Accent Core","Guilty Gear XX\nAccent Core","Arc System Works",2006,Fighter,"AAMA - Yellow (Animated Violence Mild)",Horizontal,"Digital (Stick)",Yes,No,generic,none,BMX0,n1-guilty_gear_xx_accent_core_BMX0.bin.gz
"Sega Naomi",n1-guilty_gear_xx_reload-[GDL-0019].bin.gz,ggxxrl.png,ggxxrl.mp4,"Guilty Gear XX Reload","Guilty Gear XX\nReload","Arc System Works",2003,Fighter,"AAMA - Yellow (Animated Violence Mild)",Horizontal,"Digital (Stick)",Yes,No,generic,none,BGB0,n1-guiltygearxxreload20_BGB0.bin.gz
"Sega Naomi",n1-guilty_gear_xx_slash-[GDL-0033].bin.gz,ggxxsla.png,ggxxsla.mp4,"Guilty Gear XX Slash","Guilty Gear XX\nSlash","Arc System Works",2005,Fighter,"AAMA - Yellow (Animated Violence Mild)",Horizontal,"Digital (Stick)",Yes,No,generic,none,BKY0,n1-guilty_gear_xx_slash_BKY0.bin.gz
"Sega Naomi",n1-biohazard_code_veronica-[25709801].bin.gz,gunsur2.png,gunsur2.mp4,"Gun Survivor 2 Bio Hazard Code Veronica Comms Board","Gun Survivor 2\n Comms Board","Capcom / Namco",2001,Gun,"AAMA - Red (Animated Violence Strong)",Horizontal,Lightgun,Yes,No,generic-shooting,none,BDE0,n1-biohazard_gun_survivor2_BDE0.bin.gz
"Sega Naomi",n1-biohazard_code_veronica_no_comm_board-[25709801].bin.gz,gunsur2.png,gunsur2.mp4,"Gun Survivor 2 Bio Hazard Code Veronica NO Comms Board","Gun Survivor 2\n NO Comms","Capcom / Namco",2001,Gun,"AAMA - Red (Animated Violence Strong)",Horizontal,Lightgun,Yes,No,generic-shooting,none,BDE0,n1-biohazard_gun_survivor2_BDE0.bin.gz
"Sega Chihiro",ch-gbos_512_SBJK.bin.gz,gbos.png,gbos.mp4,"Gundam Battle Operating Simulator 512MB","Gundam Battle\nOperating Sim.",Sega,2006,Action,"AAMA - Green (Suitable For All Ages)",Horizontal,Other,Yes,No,generic,none,SBJK,ch-gbos_SBJK.bin.gz
"Sega Naomi",n1-heavy_metal_geomatrix-[HMG016007].bin.gz,hmgeo.png,hmgeo.mp4,"Heavy Metal Geomatrix","Heavy Metal\nGeomatrix",Capcom,2001,Action,"AAMA - Yellow (Animated Violence Mild)",Horizontal,"Digital (Stick)",Yes,No,generic,none,BCW0,n1-heavy_metal_BCW0.bin.gz
"Sega Naomi",n1-the_house_of_the_dead_2-[834-13636].bin.gz,hotd2.png,hotd2.mp4,"House of the Dead 2","House of the\nDead 2",Sega,1999,Gun,"AAMA - Red (Animated Violence Strong)",Horizontal,Lightgun,Yes,No,generic-shooting,none,XYZ0,n1-house_of_the_dead_2_jp_XYZ0.bin.gz
"Sega Chihiro",ch-thehouseofthedead3_512_SBFN.bin.gz,hotd3.png,hotd3.mp4,"House of the Dead 3 512MB","House of the\nDead 3",Sega,2002,Gun,"AAMA - Red (Animated Violence Strong)",Horizontal,Lightgun,Yes,No,generic-shooting,none,SBFN,ch-thehouseofthedead3_SBFN.bin
"Sega Naomi",n1-ikaruga_v3-[GDL-0010].bin.gz,ikaruga.png,ikaruga.mp4,Ikaruga,Ikaruga,Treasure,2001,Shooter,"AAMA - Green (Suitable For All Ages)",Vertical,"Digital (Stick)",Yes,No,generic,none,BEJ0,n1-ikaruga_BEJ0.bin.gz
"Sega Naomi",n1-illmatic_envelope-[841-0059].bin.gz,illvelo.png,illvelo.mp4,Illvelo,Illvelo,Milestone,2008,Shooter,"AAMA - Green (Suitable For All Ages)",Vertical,"Digital (Stick)",Yes,No,generic,none,BQR,n1-illvelo_BQR.bin.gz
"Sega Naomi2",n2-initial_d_export-[GDS-0025].bin.gz,initd.png,initdexp.mp4,"Initial D Arcade Stage (Export)","Initial D \nExport",Sega,2002,Driving,"AAMA - Green (Suitable For All Ages)",Horizontal,"Analog (Driving)",Yes,No,initial-d,initial-d,BFFA,n2-initial_d_BFFA.bin.gz
"Sega Naomi2",n2-initial_d_export_rev.a-[GDS-0025A].bin.gz,initd.png,initdexp.mp4,"Initial D Arcade Stage (Export) Rev A","Initial D \nExport rev A",Sega,2002,Driving,"AAMA - Green (Suitable For All Ages)",Horizontal,"Analog (Driving)",Yes,No,initial-d,initial-d,BFFA,n2-initial_d_BFFA.bin.gz
"Sega Naomi2",n2-initial_d_japan-[GDS-0020].bin.gz,initd.png,initd.mp4,"Initial D Arcade Stage (Japan)","Initial D \nJP",Sega,2002,Driving,"AAMA - Green (Suitable For All Ages)",Horizontal,"Analog (Driving)",Yes,No,initial-d,initial-d,BEMA,n2-initial_d_BEMA.bin.gz
"Sega Naomi2",n2-initial_d_japan_rev.b-[GDS-0020B].bin.gz,initd.png,initd.mp4,"Initial D Arcade Stage (Japan) Rev B","Initial D \nJP Rev B",Sega,2002,Driving,"AAMA - Green (Suitable For All Ages)",Horizontal,"Analog (Driving)",Yes,No,initial-d,initial-d,BEMA,n2-initial_d_BEMA.bin.gz
"Sega Naomi2",n2-initial_d_2_export-[GDS-0027].bin.gz,initd2.png,initdv2e.mp4,"Initial D Arcade Stage Ver. 2 (Export)","Initial D 2\nExport",Sega,2002,Driving,"AAMA - Green (Suitable For All Ages)",Horizontal,"Analog (Driving)",Yes,No,initial-d,initial-d,BFSA,n2-initial_d_ver2_BFSA.bin.gz
"Sega Naomi2",n2-initial_d_2_japan-[GDS-0026].bin.gz,initd2.png,initdv2j.mp4,"Initial D Arcade Stage Ver. 2 (Japan)","Initial D 2\nJP",Sega,2002,Driving,"AAMA - Green (Suitable For All Ages)",Horizontal,"Analog (Driving)",Yes,No,initial-d,initial-d,BFKA,n2-initial_d_ver2_BFKA.bin.gz
"Sega Naomi2",n2-initial_d_2_japan_rev.a-[GDS-0026A].bin.gz,initd2.png,initdv2j.mp4,"Initial D Arcade Stage Ver. 2 (Japan) Rev A","Initial D 2\nJP Rev A",Sega,2002,Driving,"AAMA - Green (Suitable For All Ages)",Horizontal,"Analog (Driving)",Yes,No,initial-d,initial-d,BFKA,n2-initial_d_ver2_BFKA.bin.gz
"Sega Naomi2",n2-initial_d_2_japan_rev.b-[GDS-0026B].bin.gz,initd2.png,initdv2j.mp4,"Initial D Arcade Stage Ver. 2 (Japan) Rev B","Initial D 2\nJP Rev B",Sega,2002,Driving,"AAMA - Green (Suitable For All Ages)",Horizontal,"Analog (Driving)",Yes,No,initial-d,initial-d,BFKA,n2-initial_d_ver2_BFKA.bin.gz
"Sega Naomi2",n2-initial_d_3_export-[GDS-0033].bin.gz,initdv3e.png,initdv3e.mp4,"Initial D Arcade Stage Ver. 3 (Export)","Initial D 3\nExport",Sega,2004,Driving,"AAMA - Green (Suitable For All Ages)",Horizontal,"Analog (Driving)",Yes,No,initial-d,initial-d,BHRA,n2-initial_d_ver3_BHRA.bin.gz
"Sega Naomi2",n2-initial_d_3_cycraft_export_rev.a-[GDS-0039A].bin.gz,initdv3e.png,initdv3e.mp4,"Initial D Arcade Stage Ver. 3 (Export) Cycraft Rev A","Initial D 3\nExport Cycraft A",Sega,2004,Driving,"AAMA - Green (Suitable For All Ages)",Horizontal,"Analog (Driving)",Yes,No,initial-d,initial-d,BJTA,n2-initial_d_cycraft_BJTA.bin.gz
"Sega Naomi2",n2-initial_d_3_cycraft_export_rev.b-[GDS-0039B].bin.gz,initdv3e.png,initdv3e.mp4,"Initial D Arcade Stage Ver. 3 (Export) Cycraft Rev B","Initial D 3\nExport Cycraft B",Sega,2004,Driving,"AAMA - Green (Suitable For All Ages)",Horizontal,"Analog (Driving)",Yes,No,initial-d,initial-d,BJTA,n2-initial_d_cycraft_BJTA.bin.gz
"Sega Naomi2",n2-initial_d_3_japan_rev.b-[GDS-0032B].bin.gz,initd3j.png,initdv3e.mp4,"Initial D Arcade Stage Ver. 3 (Japan) Rev B","Initial D 3\nJP Rev B",Sega,2004,Driving,"AAMA - Green (Suitable For All Ages)",Horizontal,"Analog (Driving)",Yes,No,initial-d,initial-d,BHRA,n2-initial_d_ver3_BHRA.bin.gz
"Sega Naomi2",n2-initial_d_3_japan_rev.c-[GDS-0032C].bin.gz,initd3j.png,initdv3e.mp4,"Initial D Arcade Stage Ver. 3 (Japan) Rev C","Initial D 3\nJP Rev C",Sega,2004,Driving,"AAMA - Green (Suitable For All Ages)",Horizontal,"Analog (Driving)",Yes,No,initial-d,initial-d,BHRA,n2-initial_d_ver3_BHRA.bin.gz
"Sega Naomi",n1-jambo!_safari-[840-0013].bin.gz,jambo.png,jambo.mp4,"Jambo! Safari","Jambo Safari",Sega,1999,Driving,"AAMA - Green (Suitable For All Ages)",Horizontal,"Analog (Driving)",Yes,No,jambo-safari,generic-driving-no-ffb-support,BAU0,n1-jambo_safari_BAU0.bin.gz
"Sega Naomi",n1-jingi_storm_the_arcade-[GDL-0037].bin.gz,jingystm.png,jingystm.mp4,"Jingy Storm - The Arcade","Jingy Storm\nThe Arcade","Atrativa Japan",2005,Fighter,"AAMA - Yellow (Animated Violence Mild)",Horizontal,"Digital (Stick)",Yes,No,generic,none,BMJ,n1-jingi_storm_the_arcade_BMJ_.bin.gz
"Sega Naomi",n1-karous_v3-[GDL-0040].bin.gz,karous.png,karous.mp4,Karous,Karous,Milestone,2006,Shooter,"AAMA - Green (Suitable For All Ages)",Vertical,"Digital (Stick)",Yes,No,generic,none,BMW,n1-karous_BMW.bin.gz
"Sammy Atomiswave",aw-kenju_AW23.bin.gz,kenju.png,kenju.mp4,Kenju,Kenju,"Sammy/SNK Playmore",2005,Fighter,"AAMA - Yellow (Animated Violence Mild)",Horizontal,"Digital (Stick)",Yes,No,generic,none,DDA1,aw-kenju_proto-AW00.bin.gz
"Sammy Atomiswave",aw-the_king_of_fighters_neo_wave_AW05.bin.gz,kofnw.png,kofnw.mp4,"King of Fighters NeoWave, The","King of Fighters\nNeowave","Sammy/SNK Playmore",2004,Fighter,"AAMA - Yellow (Animated Violence Mild)",Horizontal,"Digital (Stick)",Yes,No,generic,none,AW05,aw-the_king_of_fighters_neo_wave_AW05.bin.gz
"Sammy Atomiswave",aw-the_king_of_fighters_neo_wave_characters_unlocked_AW05.bin.gz,kofnw.png,kofnw.mp4,"King of Fighters NeoWave, The UNLOCKED","King of Fighters\nNeowave UNLOCKED","Sammy/SNK Playmore",2004,Fighter,"AAMA - Yellow (Animated Violence Mild)",Horizontal,"Digital (Stick)",Yes,No,generic,none,AW05,aw-the_king_of_fighters_neo_wave_AW05.bin.gz
"Sammy Atomiswave",aw-the_king_of_fighters_xi_AW02.bin.gz,kofxi.png,kofxi.mp4,"King of Fighters XI, The","King of Fighters\nXI","Sega/SNK Playmore",2005,Fighter,"AAMA - Yellow (Animated Violence Mild)",Horizontal,"Digital (Stick)",Yes,No,generic,none,AW02,aw-the_king_of_fighters_xi_AW02.bin.gz
"Sammy Atomiswave",aw-the_king_of_fighters_xi_unlocked_AW02.bin.gz,kofxiunlocked.png,kofxi.mp4,"King of Fighters XI, The UNLOCKED","King of Fighters\nXI Unlocked","Sega/SNK Playmore",2005,Fighter,"AAMA - Yellow (Animated Violence Mild)",Horizontal,"Digital (Stick)",Yes,No,generic,none,AW02,aw-the_king_of_fighters_xi_AW02.bin.gz
"Sega Naomi2",n2-the_king_of_route66-[840-0087].bin.gz,kingrt66.png,kingrt66.mp4,"King of Route 66","King Of\nRoute 66",Sega,2002,Driving,"AAMA - Green (Suitable For All Ages)",Horizontal,"Analog (Driving)",Yes,No,king-of-route,generic-driving,BEE0,n2-the_king_of_route66_BEE0.bin.gz
"Sammy Atomiswave",aw-knights_of_valour_the_7_spirits_AW03.bin.gz,kov7sprt.png,kov7sprt.mp4,"Knights Of Valour The Seven Spirits","Knights of Valour\nSeven Spirits",Sammy/IGS,2004,Beat-'Em-Up,"AAMA - Yellow (Animated Violence Mild)",Horizontal,"Digital (Stick)",Yes,No,generic,none,AW03,aw-knights_of_valour_the_7_spirits_AW03.bin.gz
"Sammy Atomiswave",aw-knights_of_valour_the_7_spirits_dubhe_unlocked_AW03.bin.gz,kov7sprt.png,kov7sprt.mp4,"Knights Of Valour The Seven Spirits UNLOCKED","Knights of Valour\nSeven Spirits UNLOCKED",Sammy/IGS,2004,Beat-'Em-Up,"AAMA - Yellow (Animated Violence Mild)",Horizontal,"Digital (Stick)",Yes,No,generic,none,AW03,aw-knights_of_valour_the_7_spirits_AW03.bin.gz
"Sega Naomi",n1-kuru_kuru_chameleon-[GDL-0034].bin.gz,kurucham.png,kurucham.mp4,"Kurukuru Chameleon","Kuru Kuru\nChameleon",Able,2006,Puzzle,"AAMA - Green (Suitable For All Ages)",Horizontal,"Digital (Stick)",Yes,No,generic,none,BLD0,n1-kuru_kuru_chameleon_BLD0.bin.gz
"Sega Naomi",n1-la_keyboard_xyu-[GDS-0017].bin.gz,keyboard.png,keyboard.mp4,"La Keyboardxyu","La Keyboard xyu",Sega,2001,Quiz,"AAMA - Green (Suitable For All Ages)",Horizontal,"Digital (Keyboard)",Yes,No,generic,none,BEB0,n1-la_keyboardxyu_BEB0.bin.gz
"Sega Naomi",n1-lupin_the_3rd_the_shooting-[GDS-0018].bin.gz,lupinsho.png,lupinsho.mp4,"Lupin The Third - The Shooting","Lupin 3\nThe Shooting",Sega,2001,Gun,"AAMA - Yellow (Animated Violence Mild)",Horizontal,Lightgun,Yes,No,generic-shooting,none,BEC0,n1-lupin_the_third_the_shooting_BEC0.bin.gz
"Sega Naomi",n1-lupin_the_3rd_the_typing-[GDS-0021].bin.gz,luptype.png,luptype.mp4,"Lupin The Third - The Typing","Lupin\nThe Typing",Sega,2002,Miscellaneous,"AAMA - Green (Suitable For All Ages)",Horizontal,"Digital (Keyboard)",Yes,No,generic,none,BEN0,n1-lupin_the_third_the_typing_BEN0.bin.gz
"Sega Naomi",n1-mamoru-kun-wa-norowarete-shimatta!-[841-0060].bin.gz,mamonoro.png,mamonoro.mp4,Mamonoro,"Mamoru-kun wa\nNoro. Shimatta!","G.rev / Gulti",2008,Shooter,"AAMA - Green (Suitable For All Ages)",Vertical,"Digital (Stick)",Yes,No,generic,none,BQS0,n1-mamo_noro_BQS0.bin.gz
"Sega Triforce",tf-mariokartarcadegp_SBKP.bin.gz,mkgp.png,mkgp.mp4,"Mario Kart Arcade GP","Mario Kart\nArcade GP",Namco,2005,Driving,"Other - NR (Not Rated)",Horizontal,"Analog (Driving)",Yes,No,generic-driving,generic-driving,SBKP,tf-mariokartarcadegp_SBKP.bin.gz
"Sega Triforce",tf-mariokartarcadegp2_SBNL.bin.gz,mkgp2.png,mkgp2.mp4,"Mario Kart Arcade GP 2","Mario Kart\nArcade GP 2","Namco Bandai Games",2007,Driving,"Other - NR (Not Rated)",Horizontal,"Analog (Driving)",Yes,No,generic-driving,generic-driving,SBNL,tf-mariokartarcadegp2_SBNL.bin.gz
"Sega Naomi",n1-kasei_channel_mars_tv-[840-0025].bin.gz,marstv.png,marstv.mp4,"Mars TV","Mars TV",Sega,1999,Quiz,"AAMA - Green (Suitable For All Ages)",Horizontal,"Digital (Stick)",Yes,No,generic,none,BBL0,n1-mars_tv_BBL0.bin.gz
"Sega Naomi",n1-marvel_vs_capcom_2-[841-0007].bin.gz,mvsc2.png,mvsc2.mp4,"Marvel vs. Capcom 2","Marvel vs.\nCapcom 2",Capcom,2000,Fighter,"AAMA - Yellow (Animated Violence Mild)",Horizontal,"Digital (Stick)",Yes,No,generic,none,BBG0,n1-marvel_vs_capcom2_BBG0.bin.gz
"Sega Naomi",n1-marvel_vs_capcom_2_all_unlocked-[841-0007].bin.gz,mvsc2.png,mvsc2.mp4,"Marvel vs. Capcom 2 UNLOCKED","Marvel vs. Capcom 2\nUnlocked",Capcom,2000,Fighter,"AAMA - Yellow (Animated Violence Mild)",Horizontal,"Digital (Stick)",Yes,No,generic,none,BBG1,n1-marvel_vs_capcom2_BBG0.bin.gz
"Sammy Atomiswave",aw-maximum_speed_AW09.bin.gz,maxspeed.png,maxspeed.mp4,"Maximum Speed","Maximum Speed",Sammy,2002,Driving,"AAMA - Green (Suitable For All Ages)",Horizontal,"Analog (Driving)",Yes,No,generic-driving,generic-driving,AW09,aw-maximum_speed_AW09.bin.gz
"Sega Naomi",n1-the_maze_of_the_kings-[GDS-0022].bin.gz,mok.png,mok.mp4,"Maze of the Kings, The","Maze of the Kings",Sega,2002,Gun,"AAMA - Yellow (Animated Violence Mild)",Horizontal,Lightgun,Yes,No,generic-shooting,none,BEP0,n1-the_maze_of_the_kings_BEP0.bin.gz
"Sega Naomi",n1-melty_blood_act_cadenza_rev_a-[GDL-0028C].bin.gz,meltyb.png,meltyba.mp4,"Melty Blood Act Cadenza","Melty Blood\nAct Cadenza","Ecole Software",2005,Fighter,"AAMA - Yellow (Animated Violence Mild)",Horizontal,"Digital (Stick)",Yes,No,generic,none,BJP0,n1-melty_blood_act_cadenza_BJP0.bin.gz
"Sega Naomi",n1-melty_blood_act_cadenza_rev.b-[GDL-0039].bin.gz,meltyba.png,meltyba.mp4,"Melty Blood Act Cadenza Rev B","Melty Blood\nAct Cadenza [B]","Ecole Software",2005,Fighter,"AAMA - Yellow (Animated Violence Mild)",Horizontal,"Digital (Stick)",Yes,No,generic,none,BJP0,n1-melty_blood_act_cadenza_BJP0.bin.gz
"Sega Naomi",n1-melty_blood_act_cadenza_rev.b2-[GDL-0039A].bin.gz,meltyba.png,meltyba.mp4,"Melty Blood Act Cadenza Rev B2","Melty Blood\nAct Cadenza [B2]","Ecole Software",2005,Fighter,"AAMA - Yellow (Animated Violence Mild)",Horizontal,"Digital (Stick)",Yes,No,generic,none,BJP0,n1-melty_blood_act_cadenza_BJP0.bin.gz
"Sega Naomi",n1-melty_blood_actress_again-[841-0061].bin.gz,mbaaa.png,mbaa.mp4,"Melty Blood Actress Again","Melty Blood\nActress Again",Type-Moon/Ecole,2008,Fighter,"AAMA - Yellow (Animated Violence Mild)",Horizontal,"Digital (Stick)",Yes,No,generic,none,BQT0,n1-melty_blood_actress_again_BQT0.bin.gz
"Sega Naomi",n1-melty_blood_actress_again_unlocked-[841-0061].bin.gz,mbaaa.png,mbaa.mp4,"Melty Blood Actress Again UNLOCKED","Melty Blood\nActress Again Unlocked",Type-Moon/Ecole,2008,Fighter,"AAMA - Yellow (Animated Violence Mild)",Horizontal,"Digital (Stick)",Yes,No,generic,none,BQT0,n1-melty_blood_actress_again_BQT0.bin.gz
"Sammy Atomiswave",aw-metal_slug_6_AW08.bin.gz,mslug6.png,mslug6.mp4,"Metal Slug 6","Metal Slug 6","Sega/SNK Playmore",2006,Platform,"AAMA - Yellow (Animated Violence Mild)",Horizontal,"Digital (Stick)",Yes,No,generic,none,AW08,aw-metal_slug_6_AW08.bin.gz
"Sammy Atomiswave",aw-violent_metal_slug_6_AW08.bin.gz,mslug6.png,mslug6.mp4,"Metal Slug 6 (Violent)","Metal Slug 6\nViolent","Sega/SNK Playmore",2006,Platform,"AAMA - Yellow (Animated Violence Mild)",Horizontal,"Digital (Stick)",Yes,No,generic,none,AW08,aw-metal_slug_6_AW08.bin.gz
"Sega Naomi",n1-mobile_suit_gundam_federation_vs_zeon-[GDL-0001].bin.gz,gundmct.png,gundmct.mp4,"Mobile Suit Gundam Federation vs. Zeon","Mob Suit Gundam\nFed. Vs Zeon",Banpresto,2001,Shooter,"AAMA - Green (Suitable For All Ages)",Horizontal,Other,Yes,No,generic,none,BCV0,n1-mobile_suit_gundam_BCV0.bin.gz
"Sega Naomi",n1-mobile_suit_gundam_federation_vs_zeon_dx-[GDL-0006].bin.gz,gundmxgd.png,gundmxgd.mp4,"Mobile Suit Gundam Federation Vs. Zeon DX","Mob Suit Gundam\nFed. Vs Zeon DX",Capcom,2001,Shooter,"AAMA - Yellow (Animated Violence Mild)",Horizontal,Other,Yes,No,generic,none,BDU0,n1-mobile_suit_gundam_deluxe_BDU0.bin.gz
"Sega Naomi",n1-monkey_ball-[GDS-0008].bin.gz,monkeyba.png,monkeyba.mp4,"Monkey Ball","Monkey Ball",Sega,2001,Puzzle,"AAMA - Green (Suitable For All Ages)",Horizontal,"Analog (Stick)",Yes,No,monkey-ball,none,BDF0,n1-monkey_ball_BDF0.bin.gz
"Sega Naomi",n1-musapeys_choco_marker-[GDL-0014].bin.gz,chocomk.png,chocomk.mp4,"Musapeys Choco Marker","Musapeys Choco\nMarker","Ecole Software",2002,Puzzle,"AAMA - Green (Suitable For All Ages)",Horizontal,"Digital (Stick)",Yes,No,generic,none,BEX0,n1-choco_marker_BEX0.bin.gz
"Sega Naomi",n1-mushi_king_of_beetles_2004-[840-0150].bin.gz,mushi2.png,mushi2k4.mp4,"Mushiking The King Of Beetles 2k4","Mushiking King\nOf Beetles II",Sega,2004,Fighter,"AAMA - Green (Suitable For All Ages)",Horizontal,Other,Yes,No,generic,none,BJU0,n1-mushiking_04_2nd_ver1000_BJU0.bin.gz
"Sega Naomi",n1-mushi_king_of_beetles_2005-[840-0158].bin.gz,mushi2k5.png,mushi2k5.mp4,"Mushiking The King Of Beetles 2k5 2nd","Mushiking King\nOf Beetles 2k5 2nd",Sega,2005,Fighter,"AAMA - Green (Suitable For All Ages)",Horizontal,Other,Yes,No,generic,none,BKE0,n1-mushiking_05_1st_ver1000_BKE0.bin.gz
"Sammy Atomiswave",aw-neogeobattlecoliseum_AW04.bin.gz,ngbc.png,ngbc.mp4,"Neo-Geo Battle Coliseum","NeoGeo Battle\nColiseum","Sammy/SNK Playmore",2005,Fighter,"AAMA - Yellow (Animated Violence Mild)",Horizontal,"Digital (Stick)",Yes,No,generic,none,AW04,aw-neogeobattlecoliseum_AW04.bin.gz
"Sammy Atomiswave",aw-neogeobattlecoliseum_unlocked_AW04.bin.gz,ngbc.png,ngbc.mp4,"Neo-Geo Battle Coliseum UNLOCKED","NeoGeo Battle\nColiseum","Sammy/SNK Playmore",2005,Fighter,"AAMA - Yellow (Animated Violence Mild)",Horizontal,"Digital (Stick)",Yes,No,generic,none,AW04,aw-neogeobattlecoliseum_AW04.bin.gz
"Sega Naomi",n1-ninja_assault-[25469801_NJA3_Ver.A].bin.gz,ninjaslt.png,njaslt.mp4,"Ninja Assault","Ninja Assault",Namco,2000,Gun,"AAMA - Yellow (Animated Violence Mild)",Horizontal,Lightgun,Yes,No,generic-shooting,none,BCT0,n1-ninja_assault_BCT0.bin.gz
"Sega Naomi",n1-noukone_puzzle_takoron-[GDL-0042].bin.gz,takoron.png,takoron.mp4,"Noukone Puzzle Takoron","Nomiso Kone Kone\nPuzzle Takoron",Compile,2006,Puzzle,"AAMA - Green (Suitable For All Ages)",Horizontal,"Digital (Stick)",Yes,No,generic,none,BNE0,n1-tako_ron_BNE0.bin.gz
"Sega Chihiro",ch-ollieking_512_SBHF.bin.gz,oking.png,oking.mp4,"Ollie King 512MB","Ollie King\n512MB",Sega,2004,Sports,"AAMA - Green (Suitable For All Ages)",Horizontal,Other,Yes,No,generic,none,SBHF,ch-ollieking_SBHF.bin.gz
"Sega Chihiro",ch-outrun2_512_SGBZ.bin.gz,outrun2.png,outrun2.mp4,"Out Run 2 512MB","Out Run 2\n512MB",Sega,2003,Driving,"AAMA - Green (Suitable For All Ages)",Horizontal,"Analog (Driving)",Yes,No,outrun-chihiro,outrun-chihiro,SGBZ,ch-outrun2_SGBZ.bin.gz
"Sega Chihiro",ch-outrun2specialtours_512_SBJE.bin.gz,outrun2spt.png,outrun2spt.mp4,"Out Run 2 Spec Tours 512MB","Out Run 2\nSpec Tours 512MB",Sega,2004,Driving,"AAMA - Green (Suitable For All Ages)",Horizontal,"Analog (Driving)",Yes,No,outrun-chihiro,outrun-chihiro,SBJE,ch-outrun2specialtours_SBJE.bin.gz
"Sega Naomi",n1-outtrigger-[840-0017].bin.gz,otrigger.png,otrigger.mp4,OutTrigger,OutTrigger,Sega,1999,Action,"AAMA - Yellow (Animated Violence Mild)",Horizontal,Other,Yes,No,generic,none,BAZ0,n1-outtrigger_BAZ0.bin.gz
"Sega Naomi",n1-power_stone-[841-0001].bin.gz,pstone.png,pstone.mp4,"Power Stone","Power Stone",Capcom,1999,Fighter,"AAMA - Yellow (Animated Violence Mild)",Horizontal,"Digital (Stick)",Yes,No,generic,none,ABC0,n1-power_stone_ABC0.bin.gz
"Sega Naomi",n1-power_stone_2-[841-0008].bin.gz,pstone2.png,pstone2.mp4,"Power Stone 2","Power Stone 2",Capcom,2000,Fighter,"AAMA - Yellow (Animated Violence Mild)",Horizontal,"Digital (Stick)",Yes,No,generic,none,BBJ0,n1-power_stone_2_BBJ0.bin.gz
"Sega Naomi",n1-power_stone_2-unlocked-[841-0008].bin.gz,pstone2.png,pstone2.mp4,"Power Stone 2 UNLOCKED","Power Stone 2\nUNLOCKED",Capcom,2000,Fighter,"AAMA - Yellow (Animated Violence Mild)",Horizontal,"Digital (Stick)",Yes,No,generic,none,BBJ0,n1-power_stone_2_BBJ0.bin.gz
"Sega Naomi",n1-rival_schools_2_{project_justice}-[841-0015].bin.gz,pjustic.png,pjustic.mp4,"Project Justice","Project Justice\nRival School 2",Capcom,2000,Fighter,"AAMA - Yellow (Animated Violence Mild)",Horizontal,"Digital (Stick)",Yes,No,generic,none,BCL0,n1-moero_justice_gakuen_BCL0.bin.gz
"Sega Naomi",n1-rival_schools_2_{project_justice}_unlocked-[841-0015].bin.gz,pjustic.png,pjustic.mp4,"Project Justice UNLOCKED","Project Justice\nRival School 2",Capcom,2000,Fighter,"AAMA - Yellow (Animated Violence Mild)",Horizontal,"Digital (Stick)",Yes,No,generic,none,BCL0,n1-moero_justice_gakuen_BCL0.bin.gz
"Sega Naomi",n1-psyvariar2-[GDL-0024].bin.gz,psyvar2.png,psyvar2.mp4,"Psyvariar 2 - The Will To Fabricate","Psyvariar 2",G-Rev,2003,Shooter,"AAMA - Green (Suitable For All Ages)",Vertical,"Digital (Stick)",Yes,No,generic,none,BHB0,n1-psyvariar2_BHB0.bin.gz
"Sega Naomi",n1-puyo_pop_fever-[GDS-0034].bin.gz,puyofev.png,puyofev.mp4,"Puyo Pop Fever","Puyo Pop Fever",Sega,2003,Puzzle,"AAMA - Green (Suitable For All Ages)",Horizontal,"Digital (Stick)",Yes,No,generic,none,BHD,n1-puyo_pop_fever_v1001_BHD.bin.gz
"Sega Naomi",n1-puyo_puyo_da-[841-0006].bin.gz,puyoda.png,puyoda.mp4,"Puyo Puyo Da!","Puyo Puyo Da",Compile,1999,Rhythm,"AAMA - Green (Suitable For All Ages)",Horizontal,"Digital (Stick)",Yes,No,generic,none,BBB0,n1-puyopuyo_da_BBB0.bin.gz
"Sega Naomi",n1-puyo_puyo_fever-[GDS-0031].bin.gz,puyofev.png,puyofev.mp4,"Puyo Puyo Fever","Puyo Puyo Fever",Sega,2003,Puzzle,"AAMA - Green (Suitable For All Ages)",Horizontal,"Digital (Stick)",Yes,No,generic,none,BHD,n1-puyo_puyo_fever_v1004_BHD.bin.gz
"Sega Naomi",n1-quiz_ah_megamisama!-[840-0030].bin.gz,qmegamis.png,qmegamis.mp4,"Quiz Ah Megamisama","Quiz Ah\nMegamisama",Sega,2000,Quiz,"AAMA - Green (Suitable For All Ages)",Horizontal,Other,Yes,No,generic,none,BBW0,n1-ah_my_goddess_quiz_game_BBW0.bin.gz
"Sega Naomi",n1-quiz_keitai_q_mode-[GDL-0017].bin.gz,quizqgd.png,quizqgd.mp4,"Quiz Keitai Q mode","Quiz Keitai\nQ Mode","Amedio (Taito license)",2002,Quiz,"AAMA - Green (Suitable For All Ages)",Vertical,Other,Yes,No,generic,none,BFP1,n1-qmode_ver1003_BFP1.bin.gz
"Sega Naomi",n1-radirgy-[GDL-0032].bin.gz,radirgy.png,radirgy.mp4,Radirgy,Radirgy,Milestone,2005,Shooter,"AAMA - Green (Suitable For All Ages)",Vertical,"Digital (Stick)",Yes,No,generic,none,BKW,n1-radirgy_BKW.bin.gz
"Sega Naomi",n1-radirgy_noa-[841-0062].bin.gz,radirgyn.png,radirgyn.mp4,"Radirgy Noir","Radirgy Noa",Milestone,2009,Shooter,"AAMA - Green (Suitable For All Ages)",Horizontal,"Digital (Stick)",Yes,No,generic,none,BSE0,n1-radirgy_noa_BSE0.bin.gz
"Sega Naomi",n1-rythm_tengoku-[840-0177].bin.gz,rhytngk.png,rhytngk.mp4,"Rhythm Tengoku","Rhythm Tengoku",Nintendo,1999,Rhythm,"AAMA - Green (Suitable For All Ages)",Horizontal,"Digital (Stick)",Yes,No,generic,none,BPE,n1-rhythmtengoku_BPE.bin.gz
"Sammy Atomiswave",aw-the_rumble_fish_2_AW19.bin.gz,rumblef2.png,rumblef2.mp4,"Rumble Fish 2, The","Rumble Fish 2",Sammy/Dimps,2004,Fighter,"AAMA - Yellow (Animated Violence Mild)",Horizontal,"Digital (Stick)",Yes,No,generic,none,AW19,aw-the_rumble_fish_2_AW19.bin.gz
"Sammy Atomiswave",aw-the_rumble_fish_2_unlocked_AW19.bin.gz,rumblef2.png,rumblef2.mp4,"Rumble Fish 2, The UNLOCKED","Rumble Fish 2 UNLOCKED",Sammy/Dimps,2004,Fighter,"AAMA - Yellow (Animated Violence Mild)",Horizontal,"Digital (Stick)",Yes,No,generic,none,AW19,aw-the_rumble_fish_2_AW19.bin.gz
"Sammy Atomiswave",aw-the_rumble_fish_AW17.bin.gz,rumblef.png,rumblef.mp4,"Rumble Fish, The","Rumble Fish",Sammy/Dimps,2004,Fighter,"AAMA - Yellow (Animated Violence Mild)",Horizontal,"Digital (Stick)",Yes,No,generic,none,AW17,aw-the_rumble_fish_AW17.bin.gz
"Sammy Atomiswave",aw-the_rumble_fish_unlocked_AW17.bin.gz,rumblef.png,rumblef.mp4,"Rumble Fish, The UNLOCKED","Rumble Fish UNLOCKED",Sammy/Dimps,2004,Fighter,"AAMA - Yellow (Animated Violence Mild)",Horizontal,"Digital (Stick)",Yes,No,generic,none,AW17,aw-the_rumble_fish_AW17.bin.gz
"Sammy Atomiswave",aw-salaryman_kintaro_netselect_AW07.bin.gz,salmankt.png,salmankt.mp4,"Salary Man Kintaro","Salary Man",Sammy,2004,Adventure,"AAMA - Yellow (Animated Violence Mild)",Horizontal,Other,Yes,No,generic,none,AW07,aw-netselect_AW07.bin.gz
"Sega Naomi",n1-samba_de_amigo-[840-0020].bin.gz,samba.png,samba.mp4,"Samba De Amigo","Samba de Amigo",Sega,1999,Rhythm,"AAMA - Green (Suitable For All Ages)",Horizontal,Other,Yes,No,generic,none,BBEm,n1-samba_de_amigo_BBEm.bin.gz
"Sammy Atomiswave",aw-samurai_spirits_6_AW06.bin.gz,ssdown6.png,ssdown6.mp4,"Samurai Shodown VI","SamuraiShowdown\nVI","Sammy/SNK Playmore",2005,Fighter,"AAMA - Yellow (Animated Violence Mild)",Horizontal,"Digital (Stick)",Yes,No,generic,none,AW06,aw-samurai_spirits_6_AW06.bin.gz
"Sammy Atomiswave",aw-bass_fishing_simulator_AW22.bin.gz,bassfc.png,bassfc.mp4,"Sega Bass Fishing Challenge","Sega Bass\nFishing Challenge",Sammy/Sega,2009,Sports,"AAMA - Green (Suitable For All Ages)",Horizontal,Other,Yes,No,generic,none,AW22,aw-bass_fishing_simulator_AW22.bin
"Sammy Atomiswave",aw-sega_clay_challenge_AW21.bin.gz,scc.png,scc.mp4,"Sega Clay Challenge","Sega Bass\nChallenge",Sammy/Sega,2003,Gun,"AAMA - Green (Suitable For All Ages)",Horizontal,Lightgun,Yes,No,generic,none,AW22,aw-bass_fishing_simulator_AW22.bin.gz
"Sega Chihiro",ch-segagolfclubnexttours_512_SBLF.bin.gz,sgc.png,sgc.mp4,"Sega Golf Club 2006 NT 512MB","Sega Golf Club\n2006 NT 512MB",Sega,2006,Sports,"AAMA - Green (Suitable For All Ages)",Horizontal,"Analog (Trackball)",Yes,No,generic-analogue,none,SBLF,ch-segagolfclubnexttours_SBLF.bin.gz
"Sega Naomi",n1-sega_marine_fishing-[840-0027].bin.gz,smarinef.png,smarinef.mp4,"Sega Marine Fishing","Sega \nMarine Fishing",Sega,2000,Sports,"AAMA - Green (Suitable For All Ages)",Horizontal,Other,Yes,No,generic,none,BBS0,n1-sega_marine_fishing_BBS0.bin.gz
"Sega Naomi",n1-sega_strike_fighter-[840-0035].bin.gz,sstrkfgt.png,sstrkfgt.mp4,"Sega Strike Fighter","Sega\nStrike Fighter","Wow Entertainment",2000,Flying,"AAMA - Green (Suitable For All Ages)",Horizontal,"Analog (Stick)",Yes,No,generic-analogue,none,BBZ1,n1-sega_strike_fighter_BBZ1.bin.gz
"Sega Naomi",n1-sega_tetris-[840-0018].bin.gz,sgtetris.png,sgtetris.mp4,"Sega Tetris","Sega Tetris",Sega,1999,Puzzle,"AAMA - Green (Suitable For All Ages)",Horizontal,"Digital (Stick)",Yes,No,generic,none,0BBC,n1-sega_tetris_0BBC.bin.gz
"Sega Naomi",n1-senko_no_ronde-[GDL-0030].bin.gz,senko.png,senko.mp4,"Senko No Ronde","Senko no Ronde",G-Rev,2005,Shooter,"AAMA - Green (Suitable For All Ages)",Horizontal,"Digital (Stick)",Yes,No,generic,none,BKG0,n1-senko_no_ronde_BKG0.bin.gz
"Sega Naomi",n1-senko_no_ronde_sp-[GDL-0038].bin.gz,senkosp.png,senkosp.mp4,"Senko No Ronde Special","Senko no Ronde\nSP",G-Rev,2005,Shooter,"AAMA - Green (Suitable For All Ages)",Horizontal,"Digital (Stick)",Yes,No,generic,none,BMP0,n1-senko_no_ronde_sp_BMP0.bin.gz
"Sega Naomi",n1-shakatto_tambourine_motto_norinori_shinkyoku_tsuika_2001-[GDS-0013}.bin.gz,snt2001.png,snt2001.mp4,"Shakatto Tambourine 2001","Shakatto\nTambourine 2001",Sega,2001,,"AAMA - Green (Suitable For All Ages)",Horizontal,Other,Yes,No,generic,none,BDN0,n1-shakatto_tambourine_motto_norinori_shinkyoku_tsuika_2001-[GDS-0013}.bin.gz
"Sega Naomi",n1-shakatto_tambourine_cho_powerup_chu_2001-[GDS-0016].bin.gz,sntpwerup.png,sntpwerup.mp4,"Shakatto Tambourine 2001 Power Up","Shakatto Tamb\n2001 Power Up",Sega,2001,,"AAMA - Green (Suitable For All Ages)",Horizontal,Other,Yes,No,generic,none,BDZ0,n1-shakatto_tambourine_cho_powerup_chu_2001-[GDS-0016].bin.gz
"Sega Naomi",n1-shakatto_tambourine_rev.b-[GDS-0002].bin.gz,snt.png,snt.mp4,"Shakatto Tambourine Rev B","Shakatto\nTambourine Rev B",Sega,2000,,"AAMA - Green (Suitable For All Ages)",Horizontal,Other,Yes,No,generic,none,BCS0,n1-shakatto_tambourine_rev.b-[GDS-0002].bin.gz
"Sega Naomi",n1-shikigami_no_shiro_2-[GDL-0021].bin.gz,shikgam2.png,shikgam2.mp4,"Shikigami No Shiro II / The Castle of Shikigami II","Shikigami\nno Shiro II","Alfa System",2003,Shooter,"AAMA - Green (Suitable For All Ages)",Vertical,"Digital (Stick)",Yes,No,generic,none,BGE0,n1-shikigami_no_shiro_2_BGE0.bin.gz
"Sega Naomi",n1-exzeal_shooting_love_2007-[841-0057].bin.gz,sl2007.png,sl2007.mp4,"Shooting Love 2007","Shooting Love\n2007 - Exzeal","Triangle Service",2007,Shooter,"AAMA - Green (Suitable For All Ages)",Vertical,"Digital (Stick)",Yes,No,generic,none,BPJ0,n1-shooting_love_2007_BPJ0.bin.gz
"Sega Naomi",n1-shootout_pool-[840-0095].bin.gz,shootopl.png,shootopl.mp4,"Shootout Pool","Shootout Pool",Sega,2001,Sports,"AAMA - Green (Suitable For All Ages)",Horizontal,Other,Yes,No,generic,none,BEVA,n1-shootout_pool_BEVA.bin.gz
"Sega Naomi",n1-slashout-[GDS-0004].bin.gz,slashout.png,slashout.mp4,Slashout,SlashOut,Sega,2000,Beat-'Em-Up,"AAMA - Yellow (Animated Violence Mild)",Horizontal,"Digital (Stick)",Yes,No,generic,none,BCX0,n1-slashout_BCX0.bin.gz
"Sega Naomi",n1-spawn_in_the_demons_hand-[841-0005].bin.gz,spawn.png,spawn.mp4,"Spawn - In the Demons Hand",Spawn,Capcom,1999,Beat-'Em-Up,"AAMA - Yellow (Animated Violence Mild)",Horizontal,"Digital (Stick)",Yes,No,generic,none,BAV5,n1-spawn_BAV5.bin.gz
"Sega Naomi",n1-spikers_battle-[GDS-0005].bin.gz,spkrbtl.png,spkrbtl.mp4,"Spikers Battle","Spikers Battle",Sega,2001,Beat-'Em-Up,"AAMA - Yellow (Animated Violence Mild)",Horizontal,"Digital (Stick)",Yes,No,generic,none,BCZ0,n1-spikers_battle_BCZ0.bin.gz
"Sega Naomi",n1-sports_jam-[GDS-0003].bin.gz,sprtjam.png,sprtjam.mp4,"Sports Jam","Sports Jam",Sega,2000,Sports,"AAMA - Green (Suitable For All Ages)",Horizontal,"Digital (Stick)",Yes,No,generic,none,BCU0,n1-sports_jam_BCU0.bin.gz
"Sammy Atomiswave",aw-sports_shooting_AW11.bin.gz,sprtshot.png,sprtshot.mp4,"Sports Shooting USA","Sports Shooting\nUSA",Sammy,2003,Gun,"AAMA - Green (Suitable For All Ages)",Horizontal,Lightgun,Yes,No,generic-shooting,none,AW11,aw-sports_shooting_AW11.bin.gz
"Sega Naomi",n1-street_fighter_zero_3_upper-[GDL-0002].bin.gz,sfz3ugd.png,sfz3ugd.mp4,"Street Fighter Zero 3 Upper","Street Fighter\nZero 3 Upper",Capcom,2001,Fighter,"AAMA - Yellow (Animated Violence Mild)",Horizontal,"Digital (Stick)",Yes,No,generic,none,BCY0,n1-street_fighter_zero3_upper_BCY0.bin.gz
"Sega Naomi",n1-super_shanghai_2005_ver_a-[GDL-0031].bin.gz,ss2005.png,ss2005.mp4,"Super Shanghai 2005","Super Shanghai\n2005",Starfish,2005,Puzzle,"AAMA - Green (Suitable For All Ages)",Horizontal,"Digital (Stick)",Yes,No,generic,none,BKL0,n1-super_shanghai_2005_BKL0.bin.gz
"Sammy Atomiswave",aw-tore_tore_sushi_AW12.bin.gz,sushibar.png,sushibar.mp4,"Sushi Bar","Sushi Bar",Sammy,2003,Puzzle,"AAMA - Green (Suitable For All Ages)",Horizontal,"Digital (Stick)",Yes,No,generic,none,AW12,aw-tore_tore_sushi_AW12.bin.gz
"Sega Naomi",n1-tetris_kiwamemichi-[GDL-0020].bin.gz,tetkiwam.png,tetkiwam.mp4,"Tetris Kiwamemichi","Tetris\nKiwamemichi",Success,2004,Puzzle,"AAMA - Green (Suitable For All Ages)",Horizontal,"Digital (Stick)",Yes,No,generic,none,BGC1,n1-tetris_kiwamemiti_BGC1.bin.gz
"Sega Naomi",n1-tokyo_bus_tour-[840-0045].bin.gz,tokyobus.png,tokyobus.mp4,"Tokyo Bus Guide","Tokyo Bus Guide",Sega,2000,Driving,"AAMA - Green (Suitable For All Ages)",Horizontal,"Analog (Driving)",Yes,No,generic-driving,generic-driving-no-ffb-support,BCJ0,n1-tokyo_bus_guide_BCJ0.bin.gz
"Sega Naomi",n1-toy_fighter_{waffupu}-[840-0011].bin.gz,toyfight.png,toyfight.mp4,"Toy Fighter","Toy Fighter",Sega,1999,Fighter,"AAMA - Yellow (Animated Violence Mild)",Horizontal,"Digital (Stick)",Yes,No,generic,none,BAR0,n1-toy_fighter_BAR0.bin.gz
"Sega Naomi",n1-trigger-heart_exelica-[GDL-0036].bin.gz,trgheart.png,trgheart.mp4,"Trigger Heart Exelica","Trigger Heart\nExelica",Warashi,2005,Shooter,"AAMA - Green (Suitable For All Ages)",Vertical,"Digital (Stick)",Yes,No,generic,none,BMA1,n1-triggerheart_exelica_BMA1.bin.gz
"Sega Naomi",n1-trizeal-[GDL-0026].bin.gz,trizeal.png,trizeal.mp4,Trizeal,Trizeal,Taito,2004,Shooter,"AAMA - Green (Suitable For All Ages)",Vertical,"Digital (Stick)",Yes,No,generic,none,BJF0,n1-trizeal_BJF0.bin.gz
"Sega Naomi",n1-the_typing_of_the_dead-[840-0026].bin.gz,totd.png,totd.mp4,"Typing of the Dead, The","Typing of\nthe Dead",Sega,2000,Miscellaneous,"AAMA - Red (Animated Violence Strong)",Horizontal,"Digital (Keyboard)",Yes,No,generic,none,BBN1,n1-the_typing_of_the_dead_BBN1.bin.gz
"Sega Naomi",n1-under_defeat-[GDL-0035].bin.gz,undefeat.png,undefeat.mp4,"Under Defeat","Under Defeat",G-Rev,2005,Shooter,"AAMA - Green (Suitable For All Ages)",Vertical,"Digital (Stick)",Yes,No,generic,none,BLH0,n1-under_defeat_BLH0.bin.gz
"Sega Naomi",n1-usagui_yamashiro_mahjong_hen-[GDL-0022].bin.gz,usagiym.png,takoron.mp4,"Usagi - Yamashiro Mahjong Hen","Usagui Yamashiro\nMahjong Hen","Warashi / Taito / Mahjong Kobo",2003,Mahjong,"AAMA - Green (Suitable For All Ages)",Horizontal,Other,Yes,No,generic,none,BGF,n1-usagi_yamashiromahjonghen_BGF.bin.gz
"Sega Naomi",n1-virtua_athletics_{virtua_athlete}-GDS-0019.bin.gz,vathlete.png,vathlete.mp4,"Virtua Athletics / Virtua Athlete","Virtua Athlete",Sega,2002,Sports,"AAMA - Green (Suitable For All Ages)",Horizontal,"Digital (Stick)",Yes,No,generic,none,BEH3,n1-virtua_athlete_BEH3.bin.gz
"Sega Chihiro",ch-virtuacop3_SBFZ.bin.gz,vc3.png,vc3.mp4,"Virtua Cop 3 512MB","Virtua Cop 3\n512MB",Sega,2003,Gun,"AAMA - Red (Animated Violence Strong)",Horizontal,Lightgun,Yes,No,generic-shooting,none,SBFZ,ch-virtuacop3_SBFZ.bin.gz
"Sega Naomi2",n2-virtua_fighter_4-[GDS-0012].bin.gz,vf4.png,vf4.mp4,"Virtua Fighter 4","Virtua Fighter 4",Sega,2001,Fighter,"AAMA - Yellow (Animated Violence Mild)",Horizontal,"Digital (Stick)",Yes,No,generic,none,BDM,n2-virtua_fighter_4_BDM.bin.gz
"Sega Naomi2",n2-virtua_fighter_4_evolution-[GDS-0024B].bin.gz,vf4evo.png,vf4evoct.mp4,"Virtua Fighter 4 Evolution","Virtua Fighter 4\nEvo Ver. B",Sega,2001,Fighter,"AAMA - Yellow (Animated Violence Mild)",Horizontal,"Digital (Stick)",Yes,No,generic,none,BFB,n2-vf4_evolution_BFB.bin.gz
"Sega Naomi2",n2-virtua_fighter_4_evolution_ver.b-[GDS-0024B].bin.gz,vf4evo.png,vf4evoct.mp4,"Virtua Fighter 4 Evolution Ver B","Virtua Fighter 4\nEvo Ver. B",Sega,2001,Fighter,"AAMA - Yellow (Animated Violence Mild)",Horizontal,"Digital (Stick)",Yes,No,generic,none,BFB,n2-vf4_evolution_BFB.bin.gz
"Sega Naomi2",n2-virtua_fighter_4_final_tuned-[GDS-0036A].bin.gz,vf4tuned.png,vf4evoct.mp4,"Virtua Fighter 4 Final Tuned","Virtua Fighter 4\nFinal Tuned [B]",Sega,2004,Fighter,"AAMA - Yellow (Animated Violence Mild)",Horizontal,"Digital (Stick)",Yes,No,generic,none,BHX,n2-vf4_final_tuned_BHX.bin.gz
"Sega Naomi2",n2-virtua_fighter_4_final_tuned_ver.a-[GDS-0036D].bin.gz,vf4tuned.png,vf4evoct.mp4,"Virtua Fighter 4 Final Tuned Ver A","Virtua Fighter 4\nFinal Tuned [B]",Sega,2004,Fighter,"AAMA - Yellow (Animated Violence Mild)",Horizontal,"Digital (Stick)",Yes,No,generic,none,BHX,n2-vf4_final_tuned_BHX.bin.gz
"Sega Naomi2",n2-virtua_fighter_4_final_tuned_ver.b-[GDS-0036F].bin.gz,vf4tuned.png,vf4evoct.mp4,"Virtua Fighter 4 Final Tuned Ver B","Virtua Fighter 4\nFinal Tuned [B]",Sega,2004,Fighter,"AAMA - Yellow (Animated Violence Mild)",Horizontal,"Digital (Stick)",Yes,No,generic,none,BHX,n2-vf4_final_tuned_BHX.bin.gz
"Sega Naomi2",n2-virtua_fighter_4_ver.a-[GDS-0012B].bin.gz,vf4.png,vf4.mp4,"Virtua Fighter 4 Ver A","Virtua Fighter 4",Sega,2001,Fighter,"AAMA - Yellow (Animated Violence Mild)",Horizontal,"Digital (Stick)",Yes,No,generic,none,BDM,n2-virtua_fighter_4_BDM.bin.gz
"Sega Naomi2",n2-virtua_fighter_4_ver.b-[GDS-0012C].bin.gz,vf4.png,vf4.mp4,"Virtua Fighter 4 Ver B","Virtua Fighter 4",Sega,2001,Fighter,"AAMA - Yellow (Animated Violence Mild)",Horizontal,"Digital (Stick)",Yes,No,generic,none,BDM,n2-virtua_fighter_4_BDM.bin.gz
"Sega Naomi",n1-virtua_nba-[0840-0021C-01].bin.gz,virnba.png,virnba.mp4,"Virtua NBA","Virtua NBA",Sega,2000,Sports,"AAMA - Green (Suitable For All Ages)",Horizontal,"Digital (Stick)",Yes,No,generic,none,BBF0,n1-virtua_nba_BBF0.bin.gz
"Sega Naomi",n1-virtua_striker_2_ver.2000-[840-0010].bin.gz,vs2_2k.png,vs2_2k.mp4,"Virtua Striker 2 Ver. 2000","Virtua Striker 2\nVer. 2000",Sega,1999,Sports,"AAMA - Green (Suitable For All Ages)",Horizontal,"Digital (Stick)",Yes,No,generic,none,BAQ0,n1-virtua_striker_2_ver2000_BAQ0.bin.gz
"Sega Triforce",tf-virtuastriker2002_SBEY.bin.gz,vs2002ex.png,vs3.mp4,"Virtua Striker 2002","Virtua Striker 3",Sega,2002,Sports,"AAMA - Green (Suitable For All Ages)",Horizontal,"Analog (Stick)",Yes,No,generic-analogue,none,SBEY,tf-virtuastriker3_ver2002_SBEY.bin.gz
"Sega Naomi2",n2-virtua_striker_3-[GDS-0006].bin.gz,vstrik3.png,vs3.mp4,"Virtua Striker 3","Virtua Striker 3",Sega,2001,Sports,"AAMA - Green (Suitable For All Ages)",Horizontal,"Analog (Stick)",Yes,No,generic-analogue,none,BDA0,n2-virtua_striker_3_BDA0.bin.gz
"Sega Triforce",tf-virtuastriker4ver2006_SBLK.bin.gz,vs4.png,vs4.mp4,"Virtua Striker 4","Virtua Striker 4",Sega,2004,Sports,"AAMA - Green (Suitable For All Ages)",Horizontal,"Analog (Stick)",Yes,No,generic-analogue,none,SBLK,tf-virtuastriker4ver2006_SBLK.bin.gz
"Sega Naomi",n1-virtua_tennis_{power_smash}-[GDS-0011].bin.gz,vtennis.png,vtennis.mp4,"Virtua Tennis / Power Smash","Virtua Tennis",Sega,1999,Sports,"AAMA - Green (Suitable For All Ages)",Horizontal,"Digital (Stick)",Yes,No,generic,none,BDL0,n1-power_smash_BDL0.bin.gz
"Sega Naomi",n1-virtua_tennis_2_{power_smash_2}-[GDS-0015].bin.gz,vtennis2.png,vtennis2.mp4,"Virtua Tennis 2 / Power Smash 2","Virtua Tennis 2",Sega,2001,Sports,"AAMA - Green (Suitable For All Ages)",Horizontal,"Digital (Stick)",Yes,No,generic,none,BDS0,n1-power_smash_2_BDS0.bin.gz
"Sega Naomi",n1-virtual_on_oratorio_tangramvonot-[840-0028].bin.gz,vonot.png,vonot.mp4,"Virtual On Oratorio Tangram M.S.B.S. ver5.66 2000 Edition","Virtual On",Sega,2000,Shooter,"AAMA - Green (Suitable For All Ages)",Horizontal,Other,Yes,No,generic,none,BBV0,n1-virtualon_oratorio_tangram_BBV0.bin.gz
"Sega Chihiro",ch-maximumtuneverb_512_SBHQ.bin.gz,wmmt.gif,wmmt.mp4,"Wangan Midnight Max Tune (EXP) 512MB","Wangan Midnight\nMax Tune (EXP)",Sega,2005,Driving,"AAMA - Green (Suitable For All Ages)",Horizontal,"Analog (Driving)",Yes,No,wangan-midnight-maximum-tune,generic-driving,SBHQ,ch-maximumtuneverb_SBHQ.bin.gz
"Sega Chihiro",ch-maximumtune2verbexp_512_SBKD.bin.gz,wmmt2.png,wmmt2.mp4,"Wangan Midnight Max Tune 2B 512MB","Wangan Midnight\nMax Tune 2B 512M",Sega,2005,Driving,"AAMA - Green (Suitable For All Ages)",Horizontal,"Analog (Driving)",Yes,No,wangan-midnight-maximum-tune,generic-driving,SBKD,ch-maximumtune2verbexp_SBKD.bin.gz
"Sega Naomi",n1-wave_runner_gp-[840-0064].bin.gz,wrungp.png,wrungp.mp4,"Wave Runner GP","Wave Runner GP",Sega,2003,Sports,"AAMA - Green (Suitable For All Ages)",Horizontal,"Analog (Driving)",Yes,No,generic-driving,generic-driving,BDD4,n1-wave_runner_gp_BDD4.bin.gz
"Sega Naomi2",n2-wild_riders-[840-0046].bin.gz,wldrider.png,wldrider.mp4,"Wild Riders","Wild Riders",Sega,2001,Driving,"AAMA - Yellow (Animated Violence Mild)",Horizontal,"Analog (Driving)",Yes,No,wild-riders,generic-driving,BDG0,n2-wild_riders_BDG0.bin.gz
"Sega Naomi",n1-world_series_baseball-[GDS-0010].bin.gz,wsbbgd.png,wsbbgd.mp4,"World Series Baseball / Super Major League","World Series\nBaseball",Sega,2001,Sports,"AAMA - Green (Suitable For All Ages)",Horizontal,"Digital (Stick)",Yes,No,generic,none,BDH0,n1-super_major_league_BDH0.bin.gz
"Sega Naomi",n1-wwf_royal_rumble-[840-0040].bin.gz,wwfroyal.png,wwfroyal.mp4,"WWF Royal Rumble","WWF Royal Rumble",Sega,2000,Sports,"AAMA - Yellow (Animated Violence Mild)",Horizontal,"Digital (Stick)",Yes,No,generic,none,ABC0,n1-royal_rumble_ABC0.bin.gz
"Sega Naomi",n1-zero_gunner_2-[841-0020].bin.gz,zerogu2.png,zerogu2.mp4,"Zero Gunner 2","Zero Gunner 2",Psikyo,2001,Shooter,"AAMA - Green (Suitable For All Ages)",Horizontal,"Digital (Stick)",Yes,No,generic,none,BDC0,n1-zero_gunner_2_BDC0.bin.gz
"Sega Naomi",n1-zombie_revenge-[840-0003].bin.gz,zombrvn.png,zombrvn.mp4,"Zombie Revenge","Zombie Revenge",Sega,1999,Beat-'Em-Up,"AAMA - Red (Animated Violence Strong)",Horizontal,"Analog (Stick)",Yes,No,generic-analogue,none,BAD0,n1-zombie_revenge_BAD0.bin.gz
